{
    "total_scans": 11,
    "total_malware": 2,
    "scans": [
        {
            "file": "NetMirror.apk",
            "harmfulness": 78.19801986380112,
            "not_harmfulness": 21.80198013619888,
            "verdict": "Harmful",
            "scan_count": 6
        },
        {
            "file": "APKPure_v3.20.38_apkpure.com.apk",
            "harmfulness": 77.10178248851062,
            "not_harmfulness": 22.898217511489378,
            "verdict": "Harmful",
            "scan_count": 2
        }
    ]
}